task_no,list_id,title,description,priority,story_points
1,1,Write frontend,Foo barr,L,50
2,1,Add authentication,Foo barr,H,15
3,2,Implement model,Foo barr,H,15
4,2,Check functionality with client,"Need to check with the client about the new favourite functionality, call scheduled for Monday",M,10
5,3,Design database schema,Create an initial schema for the project's database,L,20
6,3,Set up database,Install and configure the database for development,H,10
7,4,Write API documentation,Document all API endpoints for internal and external use,H,15
8,4,Optimize database queries,Improve query performance and reduce response time,M,25
9,5,Create test cases for frontend,Write unit and integration tests for the frontend components,L,12
10,5,Conduct usability testing,Arrange a session with users to gather feedback on usability,H,18
11,6,Integrate payment gateway,Implement payment processing using Stripe API,H,20
12,6,Review payment flow with client,Meet with the client to confirm payment flow and error handling,M,8
13,7,Configure CI/CD pipeline,Set up continuous integration and deployment pipelines,L,15
14,7,Automate testing in pipeline,Add automated test scripts to run during each build in the pipeline,H,12
15,8,Prepare launch plan,Create a detailed launch plan with timelines and deliverables,H,30
16,8,Notify stakeholders of launch,Draft and send communications about the launch to stakeholders,M,10
17,9,Address security vulnerabilities,Review and resolve any security vulnerabilities identified,L,18
18,9,Perform security audit,Conduct a full security audit of the system,H,25
19,10,Create marketing materials,Develop promotional materials for product launch,H,15
20,10,Finalize product branding,Decide on final branding elements such as logo and color scheme,M,10
21,11,Deploy to production,Perform the final production deployment,L,35
22,11,Monitor post-launch issues,Set up monitoring and address any post-launch issues,H,20
23,12,Conduct post-launch review,Gather feedback and create a report on the post-launch performance,H,10
24,12,Plan for future features,Brainstorm and outline features for future releases,M,8